emotion,question,answer
Happy,What are some simple ways to feel happier every day?,"Happiness often comes from small, consistent actions. You can try practicing gratitude by reflecting on things you’re thankful for, spending quality time with loved ones, or engaging in activities you enjoy. Taking a few minutes each day to do something that brings you joy—like reading, walking, or listening to music—can boost your mood. Even small, mindful moments of appreciation can create lasting feelings of happiness."
Happy,How does physical activity contribute to happiness?,"Physical activity releases endorphins, often called ""feel-good"" hormones, which naturally boost your mood. Regular movement, whether it's a brisk walk, dancing, yoga, or any form of exercise you enjoy, can reduce stress and increase feelings of happiness. Even a few minutes of movement each day can make a positive impact on your emotional well-being."
Happy,What habits can help to improve my overall happiness?,"Developing positive daily habits can boost long-term happiness. Some great habits include regular exercise, getting enough sleep, eating nutritious foods, and practicing mindfulness. Setting personal goals, celebrating small achievements, and expressing gratitude are also powerful ways to nurture happiness."
Happy,How can I stay happy even during stressful times?,"While stress is a part of life, focusing on positive coping strategies can help maintain happiness. Deep breathing, mindfulness, and taking breaks when needed can help you stay balanced. Practicing gratitude, focusing on what you can control, and engaging in activities that bring you joy can keep your happiness intact, even in challenging moments"
Happy,How does being around positive and supportive people contribute to my happiness?,"Spending time with positive and supportive people can greatly enhance your overall happiness. Uplifting relationships provide emotional encouragement, reduce stress, and inspire healthy habits. When you surround yourself with individuals who bring out the best in you, it fosters a sense of connection, belonging, and joy. Strong social bonds also create a feeling of trust and security, which plays a key role in long-term emotional well-being and life satisfaction."
Sad,Why do I feel sad even when nothing is wrong?,"Sadness can sometimes appear without an obvious reason, and that’s completely normal. Emotional responses can be influenced by past experiences, stress, or even biological factors such as hormonal changes or brain chemistry. It might help to reflect on your thoughts and feelings or engage in activities that bring you comfort."
Sad,How can I cope with feelings of sadness?,"Coping with sadness starts with acknowledging your emotions and allowing yourself to feel them without judgment. Engaging in self-care activities, staying connected with supportive people, and practicing relaxation techniques like deep breathing or mindfulness can help. Expressing your emotions through journaling, art, or talking to someone you trust can also provide relief. If sadness lingers, speaking with a mental health professional can offer deeper support and guidance."
Sad,What are some ways to manage persistent sadness?,"If sadness is a constant feeling, it’s important to take small steps toward emotional well-being. Prioritizing self-care, maintaining a balanced routine, engaging in enjoyable activities, and reaching out for support can help. Sometimes, persistent sadness may be a sign of underlying concerns such as stress or depression, and speaking to a counsellor or therapist can provide effective coping strategies. You are not alone, and help is available."
Sad,Can lack of sleep make sadness worse?,"Yes, sleep and emotional health are closely linked. Lack of sleep can intensify sadness, increase irritability, and make it harder to cope with daily stressors. Prioritizing a consistent sleep routine, limiting screen time before bed, and creating a calming nighttime environment can improve both sleep and mood."
Sad,How can creative activities help with sadness?,"Creative activities can significantly help with sadness by offering a safe space to express and process emotions. Activities like painting, writing, playing music, or crafting allow you to release feelings that might be hard to articulate. These creative outlets help shift focus from sadness to constructive expression, which can lead to a sense of accomplishment and joy. Moreover, engaging in creativity can provide a sense of relief, boost mood, and help you reconnect with yourself in a positive and soothing way."
Fear,Why do I feel scared even when I know there’s no real danger?,"Fear is a natural response designed to protect us from harm. However, sometimes our brain perceives threats incorrectly, triggering fear even in safe situations. This happens because past experiences, thoughts, or even genetics can influence how we respond to perceived danger."
Fear,Why am I terrified of things that don’t bother others?,"Everyone has different life experiences, genetic predispositions, and ways of processing fear. A past trauma, learned behavior, or even a lack of exposure to a situation can lead to specific fears. Understanding the origin of your fear can help in overcoming it."
Fear,What techniques can help me control my fear?,"Techniques like deep breathing, progressive muscle relaxation, and visualization can help calm your body. Cognitive restructuring can help challenge irrational thoughts, and gradual exposure can help desensitize you to your fears over time."
Fear,Can fear lead to panic attacks or other mental health issues?,"Yes, prolonged or intense fear can contribute to anxiety disorders, panic attacks, depression, or even physical symptoms like headaches or digestive issues. Early intervention and management techniques can prevent these effects from worsening."
Fear,Why do I still feel scared even though the bad event is over?,"Your brain and body remember trauma, and triggers can activate fear responses even when you’re safe. Therapy can help reprocess these memories so they no longer have control over you."
Angry,"Why do I get angry so easily, even over small things?","Anger is a natural emotion, but if it feels overwhelming or out of proportion, it may be linked to stress, frustration, unresolved emotions, or even biological factors like sleep deprivation or hormonal imbalances. It can also stem from deeper emotional wounds, such as past trauma, feeling unheard, or a lack of emotional regulation skills."
Angry,"Is my anger normal, or do I have anger management issues?","Anger itself is not a problem it’s how you handle it that matters. If your anger frequently leads to aggressive behavior, affects your relationships, or causes distress, it may be a sign of anger management issues. A psychologist can help assess whether your anger is within a healthy range or needs intervention"
Angry,Why do I feel guilty or regretful after getting angry?,Guilt and regret often arise when anger leads to words or actions that go against your values or hurt others. This can indicate a need for better emotional regulation. Recognizing this feeling is a good step toward managing your responses more effectively in the future.
Angry,How do I stop lashing out at my loved ones when I’m angry?,Start by recognizing the signs of escalating anger and pausing before reacting. Communicate your feelings calmly rather than reacting impulsively. Practicing empathy considering how your words and actions affect others can also help. Seeking support through therapy can provide deeper emotional tools to prevent outbursts.
Angry,Can journaling help with anger?,"Journaling can be a great way to manage anger by helping you process emotions and identify triggers. Writing down your feelings provides a safe outlet to vent without reacting impulsively. It allows you to reflect on situations, gain perspective, and reframe negative thoughts, helping you understand why you’re angry and how to handle similar situations better in the future. Over time, journaling can improve emotional regulation, reduce stress, and provide insights for setting personal goals to manage anger more effectively."
Depression,1.What is depression?,"Depression is a serious mental health disorder characterized by persistent sadness, hopelessness, and loss of interest in daily activities. Unlike temporary sadness, it lasts for weeks or longer and interferes with work, relationships, and physical health. Common symptoms include fatigue, sleep/appetite changes, poor concentration, and sometimes thoughts of self-harm. It's caused by genetic, biological, environmental and psychological factors - not personal weakness. With proper treatment like therapy, medication or lifestyle changes, recovery is possible."
Depression,2. I feel sad all the time. Could I be depressed?,"It's completely normal to feel sad sometimes, but if this sadness persists most days for weeks and affects your daily life, it could be depression. Other signs include loss of interest in activities, changes in sleep/appetite, fatigue, or hopelessness. Many people experience this, and it's not your fault. Would you like to share more about how you've been feeling? Remember, help is available and you don't have to go through this alone"
Depression,3. What are common depression symptoms?,"Depression affects people differently, but here are the most common symptoms to watch for:
• Persistent sadness, emptiness, or hopelessness
• Loss of interest in hobbies/activities you once enjoyed
• Fatigue or feeling drained even after rest
• Changes in sleep (insomnia or oversleeping) and appetite
• Difficulty concentrating or making decisions
• Feelings of worthlessness or excessive guilt
• Physical aches with no clear cause
• Thoughts of death or suicide"
Depression,4.How is depression different from regular sadness?,"That's an important question. While sadness is a normal emotion that comes and goes, depression is longer-lasting and affects your whole life. Here's how they differ:"
Depression,5.How do I know if I need professional help for depression?,"If your emotions feel overwhelming, persistent (lasting weeks/months), or interfere with work, relationships, or self-care, it’s a good idea to seek help. Other red flags include thoughts of self-harm, extreme guilt, or inability to enjoy anything. You don’t have to wait until things feel ""bad enough""—reaching out early can prevent symptoms from worsening. A therapist or psychiatrist can provide guidance tailored to you, whether through therapy, lifestyle changes, or other support. Asking for help is a sign of strength, not weakness"
Depression,How does therapy help with depression?,"Therapy gives you tools to understand and manage depression in a structured way. With approaches like Cognitive Behavioral Therapy (CBT), you'll work on:
🔹 Identifying automatic negative thoughts that fuel depression
🔹 Developing practical coping strategies for daily challenges
🔹 Processing emotions in a confidential, judgment-free space
🔹 Setting achievable goals to rebuild motivation
🔹 Improving relationships through communication skills"
Depression,7.  What causes depression?,"Depression can arise from multiple factors including genetics, brain chemistry imbalances, and traumatic experiences. Chronic stress, grief, or significant losses can overwhelm emotional coping mechanisms, while physical health issues like chronic illness or hormonal changes also contribute. These elements often interact - for instance, someone might have a genetic predisposition that only surfaces after trauma or during hormonal fluctuations. This complex interplay means depression manifests differently in each person."
Depression,8.What are some self-help strategies for depression?,"Small daily steps can help manage depression. Try maintaining a simple routine for sleep and meals, adding gentle movement like short walks, and staying connected with supportive people. Mindfulness practices such as deep breathing or journaling can also provide relief. While these strategies may not cure depression, they can make symptoms more manageable alongside professional treatment."
Depression,9.Have you had thoughts of death or suicide?,"If you’re having thoughts of suicide, please know that you’re not alone in this pain, and help is available to keep you safe. These feelings are often the result of overwhelming emotions that can feel inescapable—but they are temporary, even if it doesn’t seem that way now. Your life matters, and reaching out to a crisis hotline, a trusted person, or emergency services could be the first step toward relief. You don’t have to face this alone; there are people ready to listen without judgment and support you through this."
Depression,10. I’m scared of being judged for seeking help. What should I do?,"It’s completely normal to feel afraid of judgment when considering help for depression—many people share this fear. But reaching out is a courageous act of self-care, not weakness. Mental health professionals are trained to listen with compassion and confidentiality, not judgment. If the idea of therapy feels overwhelming, you might start with small steps like calling an anonymous helpline, trying a text-based therapy app, or confiding in just one trusted person. Remember, seeking support isn’t about being ""broken""—it’s about giving yourself the tools to heal. You deserve care, and there are options to fit your comfort level."
Contempt,Why do I feel contempt toward others?,"Contempt often comes from feelings of frustration, disappointment, or a belief that someone is not meeting your expectations. It can also arise when you feel unappreciated or misunderstood. Taking time to reflect on your emotions and practicing empathy can help you see the situation more clearly and improve your relationships."
Contempt,When should I seek professional help for contempt?,"If contempt is negatively affecting your relationships, self-esteem, or emotional well-being, speaking with a therapist can help you explore its roots and develop healthier ways of interacting. Professional support can provide tools to foster more positive and fulfilling relationships. If you find yourself constantly criticizing others, feeling disconnected, or struggling to control your emotions, therapy can offer guidance on how to communicate more effectively and build mutual respect."
Contempt,Can contempt be a sign of deeper emotional wounds?,"Yes, contempt can stem from unresolved emotional pain, past betrayals, or unmet expectations. It often serves as a defense mechanism to avoid vulnerability. Exploring these underlying emotions through self-reflection or therapy can help in healing and fostering healthier interactions."
Contempt,How do I know if I am expressing contempt toward someone?,"Contempt is often expressed through sarcastic remarks, mocking, eye-rolling, or dismissive behaviour. If you notice yourself frequently belittling or criticizing someone with a sense of superiority, it may be a sign of contempt. Practicing self-awareness and shifting toward respectful communication can help repair relationships."
Contempt,How can contempt harm my mental well-being?,"Holding onto contempt can increase stress, negativity, and emotional exhaustion. It can prevent meaningful connections, fuel resentment, and contribute to anxiety or depression. Addressing contempt through self-awareness and open communication can lead to greater emotional well-being and healthier interactions."
Love,Is self-love different from love for others?,"Yes, self-love involves self-acceptance, confidence, and care for your own well-being, while love for others is outwardly directed. A strong foundation of self-love can enhance relationships, as it prevents dependency and insecurity."
Love,"Is love just an emotion, or is it a choice?","Love can start as an emotion, often driven by attraction and deep feelings. However, long-term love often involves conscious effort, commitment, and understanding, making it both an emotional experience and an intentional choice."
Love,Why does love sometimes feel painful?,"Love activates areas of the brain associated with both pleasure and pain. Emotional attachment makes us vulnerable, so loss, rejection, or unfulfilled expectations can lead to sadness, grief, or even physical discomfort."
Love,Can love fade over time?,"Yes, feelings of love can evolve. The intense passion of early-stage love (infatuation) may decrease, but deeper emotional bonds can grow over time. Factors like communication, trust, and mutual effort determine whether love strengthens or weakens."
Love,Is it normal to feel love and hate for the same person?,"Yes, love is complex. Deep emotional connections can lead to conflicting feelings, especially when expectations aren’t met. This mix of emotions is common in close relationships, where frustration and affection coexist."
Guilty,What’s the difference between healthy guilt and toxic guilt?,"Healthy guilt is a natural response when we make a mistake it pushes us to take 	responsibility, make amends, and grow. Toxic guilt, however, is excessive and lingers even 	when we have done nothing wrong or have already tried to make things right. It often stems 	from unrealistic expectations, past conditioning, or feeling responsible for things beyond our 	control. The key is recognizing whether your guilt is helping you improve or simply causing 	unnecessary suffering."
Guilty,"Is guilt a normal emotion, or is it a sign of a deeper issue?","Guilt is a completely normal and even necessary emotion it helps us stay accountable and 	aligned with our values. However, when guilt is constant, overwhelming, or disproportionate 	to the situation, it can indicate deeper emotional struggles such as perfectionism, unresolved 	trauma, or deep-seated self-criticism. In such cases, the goal is to understand where the guilt 	is coming from and learn to manage it in a way that is fair to yourself."
Guilty,Can guilt be a symptom of anxiety or depression?,"Yes, guilt is closely linked to both anxiety and depression. In anxiety, guilt often comes from 	excessive worry, fear of making mistakes, or the belief that you are responsible for others' 	happiness. In depression, guilt tends to be more self-critical and overwhelming, making you 	feel unworthy or like a burden, even when there is no real reason to feel that way. The key is 	to recognize when guilt is based on facts and when it is driven by distorted thinking."
Guilty,What are healthy ways to cope with guilt?,"The first step is to assess whether the guilt is justified. If you have made a mistake, 	acknowledge it, make amends if possible, and learn from it. However, if guilt is coming from 	unrealistic self-judgment, work on challenging those thoughts and replacing them with self-	compassion. Writing about your feelings, practicing mindfulness, and focusing on your 	growth rather than past mistakes are effective ways to manage guilt."
Guilty,How can I forgive myself and move on from past mistakes?,"Forgiving yourself starts with accepting that mistakes are part of being human. Instead of 	punishing yourself, shift your focus to what you have learned and how you can grow from 	the experience. If possible, make amends and take actions that align with your values. 	Remind yourself that one mistake does not define you. Practicing self-compassion and 	allowing yourself to move forward is key to healing from guilt."
Surprise,Why do surprises sometimes make me feel anxious instead of happy?,"Surprise is an automatic reaction to the unexpected, but if you prefer control and predictability, unexpected events can trigger anxiety instead of excitement."
Surprise,Why do I freeze or take a moment to process when something unexpected happens?,"Your brain needs time to assess whether the surprise is a threat or a positive event, which is why you pause to process before reacting."
Surprise,Can too many surprises be overwhelming?,"Yes, frequent surprises—especially stressful or negative ones—can increase anxiety and mental fatigue, making it harder to maintain emotional stability."
Surprise,Why do some surprises leave a lasting emotional impact?,"Big surprises create strong emotional memories because your brain prioritizes unexpected events that may signal something important, which is why some surprises stay vivid in your memory."
Surprise,Is it possible to get better at handling unexpected situations?,"Yes! Practicing adaptability, mindfulness, and problem-solving can help you respond to surprises more calmly, viewing them as opportunities for growth instead of sources of stress."
Disgust,Why do I feel disgusted by certain things more than others?,"Disgust is a protective emotion, but personal experiences, cultural upbringing, and past trauma shape what triggers it for each individual."
Disgust,Is it normal to feel disgusted by people or certain behaviors?,"Yes, disgust can apply to social and moral situations, especially if someone's actions conflict with your values—though it's important to reflect on whether your reaction is rational or shaped by past experiences or biases."
Disgust,Why does disgust sometimes make me feel physically sick?,"Disgust activates the brain’s protective mechanisms, which can cause nausea or a gag reflex as your body tries to reject something perceived as harmful."
Disgust,Can disgust be unlearned or reduced over time?,"Yes, exposure therapy and cognitive reframing can help reduce sensitivity to disgust by changing how you react and interpret triggering situations."
Disgust,Why do I feel disgusted with myself sometimes?,"Self-disgust often stems from guilt, shame, or low self-worth and can improve through self-compassion, reflection, or therapy to address the underlying cause."
